timestamp,endpoint,status_code,latency_ms
2026-05-12T09:00:00,/api/checkout,500,504
2026-05-12T09:00:02,/joke,200,296
2026-05-12T09:00:04,/api/checkout,200,439
2026-05-12T09:00:06,/api/checkout,500,532
2026-05-12T09:00:08,/health,200,292
2026-05-12T09:00:10,/api/orders,200,322
2026-05-12T09:00:12,/joke,200,293
2026-05-12T09:00:14,/api/checkout,404,210
2026-05-12T09:00:16,/api/users,200,127
2026-05-12T09:00:18,/api/checkout,200,436
2026-05-12T09:00:20,/api/orders,200,350
2026-05-12T09:00:22,/health,200,275
2026-05-12T09:00:24,/joke,500,190
2026-05-12T09:00:26,/api/users,500,428
2026-05-12T09:00:28,/joke,503,348
2026-05-12T09:00:30,/health,404,278
2026-05-12T09:00:32,/api/orders,404,330
2026-05-12T09:00:34,/api/checkout,500,598
2026-05-12T09:00:36,/api/checkout,404,304
2026-05-12T09:00:38,/api/users,200,213
2026-05-12T09:00:40,/api/orders,200,69
2026-05-12T09:00:42,/health,200,192
2026-05-12T09:00:44,/api/checkout,404,373
2026-05-12T09:00:46,/api/orders,200,241
2026-05-12T09:00:48,/joke,500,231
2026-05-12T09:00:50,/api/users,500,296
2026-05-12T09:00:52,/api/users,200,229
2026-05-12T09:00:54,/api/orders,200,79
2026-05-12T09:00:56,/api/orders,404,88
2026-05-12T09:00:58,/api/users,503,369
2026-05-12T09:01:00,/joke,503,336
2026-05-12T09:01:02,/health,200,106
2026-05-12T09:01:04,/api/users,200,345
2026-05-12T09:01:06,/joke,200,98
2026-05-12T09:01:08,/api/orders,200,185
2026-05-12T09:01:10,/api/checkout,200,406
2026-05-12T09:01:12,/api/orders,200,245
2026-05-12T09:01:14,/joke,503,205
2026-05-12T09:01:16,/health,200,314
2026-05-12T09:01:18,/joke,500,441
2026-05-12T09:01:20,/health,500,372
2026-05-12T09:01:22,/api/checkout,200,256
2026-05-12T09:01:24,/api/users,500,289
2026-05-12T09:01:26,/api/users,200,255
2026-05-12T09:01:28,/api/checkout,404,445
2026-05-12T09:01:30,/health,200,349
2026-05-12T09:01:32,/api/orders,503,395
2026-05-12T09:01:34,/health,503,177
2026-05-12T09:01:36,/api/checkout,200,391
2026-05-12T09:01:38,/api/users,500,330
2026-05-12T09:01:40,/api/orders,200,50
2026-05-12T09:01:42,/joke,404,116
2026-05-12T09:01:44,/api/checkout,500,581
2026-05-12T09:01:46,/api/orders,200,336
2026-05-12T09:01:48,/joke,404,179
2026-05-12T09:01:50,/health,200,272
2026-05-12T09:01:52,/api/users,200,147
2026-05-12T09:01:54,/joke,500,351
2026-05-12T09:01:56,/health,503,206
2026-05-12T09:01:58,/health,500,281
2026-05-12T09:02:00,/joke,200,62
2026-05-12T09:02:02,/api/orders,404,73
2026-05-12T09:02:04,/api/checkout,200,498
2026-05-12T09:02:06,/health,503,404
2026-05-12T09:02:08,/joke,200,198
2026-05-12T09:02:10,/api/checkout,404,427
2026-05-12T09:02:12,/api/orders,200,146
2026-05-12T09:02:14,/health,200,238
2026-05-12T09:02:16,/api/checkout,200,486
2026-05-12T09:02:18,/health,500,397
2026-05-12T09:02:20,/api/checkout,200,429
2026-05-12T09:02:22,/health,200,89
2026-05-12T09:02:24,/api/checkout,200,376
2026-05-12T09:02:26,/joke,404,341
2026-05-12T09:02:28,/api/orders,200,228
2026-05-12T09:02:30,/api/checkout,200,211
2026-05-12T09:02:32,/health,200,306
2026-05-12T09:02:34,/api/users,503,344
2026-05-12T09:02:36,/api/checkout,200,452
2026-05-12T09:02:38,/joke,200,238
2026-05-12T09:02:40,/api/checkout,404,431
2026-05-12T09:02:42,/health,200,100
2026-05-12T09:02:44,/health,200,331
2026-05-12T09:02:46,/health,200,225
2026-05-12T09:02:48,/health,500,315
2026-05-12T09:02:50,/api/checkout,200,398
2026-05-12T09:02:52,/api/users,200,226
2026-05-12T09:02:54,/api/checkout,200,420
2026-05-12T09:02:56,/health,200,272
2026-05-12T09:02:58,/health,200,340
2026-05-12T09:03:00,/api/orders,200,97
2026-05-12T09:03:02,/api/checkout,500,375
2026-05-12T09:03:04,/api/orders,404,265
2026-05-12T09:03:06,/joke,200,182
2026-05-12T09:03:08,/joke,503,196
2026-05-12T09:03:10,/api/users,200,232
2026-05-12T09:03:12,/api/orders,200,338
2026-05-12T09:03:14,/api/orders,200,276
2026-05-12T09:03:16,/api/users,404,142
2026-05-12T09:03:18,/joke,200,339
2026-05-12T09:03:20,/api/orders,200,94
2026-05-12T09:03:22,/api/users,200,315
2026-05-12T09:03:24,/api/checkout,200,327
2026-05-12T09:03:26,/health,200,303
2026-05-12T09:03:28,/api/checkout,503,307
2026-05-12T09:03:30,/api/checkout,200,234
2026-05-12T09:03:32,/api/checkout,200,423
2026-05-12T09:03:34,/api/orders,500,209
2026-05-12T09:03:36,/health,500,422
2026-05-12T09:03:38,/health,200,82
2026-05-12T09:03:40,/joke,500,162
2026-05-12T09:03:42,/api/users,503,339
2026-05-12T09:03:44,/health,200,209
2026-05-12T09:03:46,/api/users,200,201
2026-05-12T09:03:48,/joke,200,294
2026-05-12T09:03:50,/health,200,132
2026-05-12T09:03:52,/health,200,295
2026-05-12T09:03:54,/health,503,347
2026-05-12T09:03:56,/api/checkout,503,446
2026-05-12T09:03:58,/joke,200,106
2026-05-12T09:04:00,/joke,500,419
2026-05-12T09:04:02,/api/orders,200,127
2026-05-12T09:04:04,/api/checkout,200,267
2026-05-12T09:04:06,/health,200,99
2026-05-12T09:04:08,/api/orders,200,325
2026-05-12T09:04:10,/api/orders,200,129
2026-05-12T09:04:12,/api/users,503,409
2026-05-12T09:04:14,/api/checkout,200,377
2026-05-12T09:04:16,/api/orders,200,208
2026-05-12T09:04:18,/api/users,200,59
2026-05-12T09:04:20,/api/orders,404,150
2026-05-12T09:04:22,/api/orders,500,297
2026-05-12T09:04:24,/api/checkout,500,514
2026-05-12T09:04:26,/api/orders,500,348
2026-05-12T09:04:28,/api/checkout,500,414
2026-05-12T09:04:30,/joke,200,59
2026-05-12T09:04:32,/api/orders,200,188
2026-05-12T09:04:34,/api/checkout,200,243
2026-05-12T09:04:36,/api/checkout,404,392
2026-05-12T09:04:38,/joke,200,173
2026-05-12T09:04:40,/api/checkout,200,244
2026-05-12T09:04:42,/health,200,265
2026-05-12T09:04:44,/api/checkout,200,458
2026-05-12T09:04:46,/api/orders,200,148
2026-05-12T09:04:48,/api/orders,200,97
2026-05-12T09:04:50,/joke,200,186
2026-05-12T09:04:52,/api/users,200,285
2026-05-12T09:04:54,/api/checkout,200,204
2026-05-12T09:04:56,/api/users,404,268
2026-05-12T09:04:58,/joke,200,110
2026-05-12T09:05:00,/health,200,182
2026-05-12T09:05:02,/api/orders,200,180
2026-05-12T09:05:04,/joke,200,150
2026-05-12T09:05:06,/health,200,127
2026-05-12T09:05:08,/joke,200,125
2026-05-12T09:05:10,/api/users,200,156
2026-05-12T09:05:12,/api/checkout,200,472
2026-05-12T09:05:14,/api/users,200,206
2026-05-12T09:05:16,/api/orders,200,309
2026-05-12T09:05:18,/api/orders,200,170
2026-05-12T09:05:20,/health,200,56
2026-05-12T09:05:22,/api/users,500,220
2026-05-12T09:05:24,/api/checkout,200,447
2026-05-12T09:05:26,/api/orders,503,234
2026-05-12T09:05:28,/api/checkout,200,201
2026-05-12T09:05:30,/health,200,96
2026-05-12T09:05:32,/health,200,206
2026-05-12T09:05:34,/api/orders,200,227
2026-05-12T09:05:36,/joke,200,233
2026-05-12T09:05:38,/health,503,189
2026-05-12T09:05:40,/joke,200,164
2026-05-12T09:05:42,/api/users,200,113
2026-05-12T09:05:44,/api/users,200,339
2026-05-12T09:05:46,/api/checkout,500,460
2026-05-12T09:05:48,/api/checkout,200,279
2026-05-12T09:05:50,/api/checkout,500,468
2026-05-12T09:05:52,/api/users,200,193
2026-05-12T09:05:54,/api/users,200,328
2026-05-12T09:05:56,/api/checkout,200,465
2026-05-12T09:05:58,/api/orders,404,247
2026-05-12T09:06:00,/api/orders,200,229
2026-05-12T09:06:02,/health,200,188
2026-05-12T09:06:04,/joke,200,227
2026-05-12T09:06:06,/api/orders,500,353
2026-05-12T09:06:08,/joke,404,172
2026-05-12T09:06:10,/api/checkout,200,486
2026-05-12T09:06:12,/api/users,200,220
2026-05-12T09:06:14,/joke,503,256
2026-05-12T09:06:16,/api/users,200,263
2026-05-12T09:06:18,/api/checkout,200,430
2026-05-12T09:06:20,/joke,200,76
2026-05-12T09:06:22,/api/orders,500,259
2026-05-12T09:06:24,/api/orders,200,134
2026-05-12T09:06:26,/api/orders,200,177
2026-05-12T09:06:28,/health,200,301
2026-05-12T09:06:30,/api/users,503,440
2026-05-12T09:06:32,/api/checkout,500,310
2026-05-12T09:06:34,/api/users,500,357
2026-05-12T09:06:36,/api/checkout,200,313
2026-05-12T09:06:38,/joke,200,136
2026-05-12T09:06:40,/api/users,200,132
2026-05-12T09:06:42,/api/orders,200,113
2026-05-12T09:06:44,/joke,200,194
2026-05-12T09:06:46,/api/orders,200,302
2026-05-12T09:06:48,/api/orders,503,159
2026-05-12T09:06:50,/joke,503,172
2026-05-12T09:06:52,/health,500,337
2026-05-12T09:06:54,/health,200,246
2026-05-12T09:06:56,/api/orders,200,150
2026-05-12T09:06:58,/joke,404,307
2026-05-12T09:07:00,/joke,200,87
2026-05-12T09:07:02,/api/checkout,200,431
2026-05-12T09:07:04,/api/users,404,308
2026-05-12T09:07:06,/api/checkout,500,492
2026-05-12T09:07:08,/api/orders,200,105
2026-05-12T09:07:10,/joke,200,72
2026-05-12T09:07:12,/joke,200,78
2026-05-12T09:07:14,/joke,200,285
2026-05-12T09:07:16,/health,200,321
2026-05-12T09:07:18,/api/orders,200,335
2026-05-12T09:07:20,/api/users,200,243
2026-05-12T09:07:22,/api/checkout,500,497
2026-05-12T09:07:24,/joke,200,150
2026-05-12T09:07:26,/health,200,259
2026-05-12T09:07:28,/api/checkout,503,422
2026-05-12T09:07:30,/api/users,404,208
2026-05-12T09:07:32,/api/orders,200,292
2026-05-12T09:07:34,/api/users,500,287
2026-05-12T09:07:36,/api/users,200,81
2026-05-12T09:07:38,/api/checkout,200,490
2026-05-12T09:07:40,/api/checkout,404,495
2026-05-12T09:07:42,/health,200,292
2026-05-12T09:07:44,/api/orders,404,259
2026-05-12T09:07:46,/api/orders,200,158
2026-05-12T09:07:48,/api/orders,200,86
2026-05-12T09:07:50,/api/users,200,327
2026-05-12T09:07:52,/api/users,500,178
2026-05-12T09:07:54,/joke,404,129
2026-05-12T09:07:56,/joke,200,334
2026-05-12T09:07:58,/api/users,200,326
2026-05-12T09:08:00,/api/orders,200,239
2026-05-12T09:08:02,/health,200,292
2026-05-12T09:08:04,/api/users,500,396
2026-05-12T09:08:06,/health,200,308
2026-05-12T09:08:08,/api/users,200,107
2026-05-12T09:08:10,/api/orders,200,74
2026-05-12T09:08:12,/api/users,503,311
2026-05-12T09:08:14,/joke,200,308
2026-05-12T09:08:16,/api/orders,503,363
2026-05-12T09:08:18,/health,200,112
2026-05-12T09:08:20,/api/orders,200,79
2026-05-12T09:08:22,/api/checkout,200,462
2026-05-12T09:08:24,/api/users,200,110
2026-05-12T09:08:26,/health,404,341
2026-05-12T09:08:28,/api/checkout,503,348
2026-05-12T09:08:30,/joke,503,412
2026-05-12T09:08:32,/api/users,503,194
2026-05-12T09:08:34,/api/orders,200,62
2026-05-12T09:08:36,/joke,200,282
2026-05-12T09:08:38,/api/checkout,200,257
2026-05-12T09:08:40,/api/orders,200,200
2026-05-12T09:08:42,/health,200,180
2026-05-12T09:08:44,/health,404,347
2026-05-12T09:08:46,/api/users,200,266
2026-05-12T09:08:48,/api/checkout,200,298
2026-05-12T09:08:50,/api/checkout,404,480
2026-05-12T09:08:52,/api/users,200,67
2026-05-12T09:08:54,/api/checkout,200,364
2026-05-12T09:08:56,/joke,200,143
2026-05-12T09:08:58,/api/users,200,337
2026-05-12T09:09:00,/health,404,146
2026-05-12T09:09:02,/health,500,435
2026-05-12T09:09:04,/api/checkout,500,338
2026-05-12T09:09:06,/api/orders,404,326
2026-05-12T09:09:08,/api/checkout,503,428
2026-05-12T09:09:10,/health,200,242
2026-05-12T09:09:12,/api/checkout,200,254
2026-05-12T09:09:14,/api/users,404,302
2026-05-12T09:09:16,/api/checkout,200,327
2026-05-12T09:09:18,/api/checkout,503,349
2026-05-12T09:09:20,/health,503,157
2026-05-12T09:09:22,/joke,200,215
2026-05-12T09:09:24,/health,200,229
2026-05-12T09:09:26,/api/checkout,200,333
2026-05-12T09:09:28,/health,500,396
2026-05-12T09:09:30,/api/users,200,175
2026-05-12T09:09:32,/api/checkout,503,349
2026-05-12T09:09:34,/api/users,503,170
2026-05-12T09:09:36,/joke,500,224
2026-05-12T09:09:38,/api/orders,200,172
2026-05-12T09:09:40,/health,200,300
2026-05-12T09:09:42,/joke,200,127
2026-05-12T09:09:44,/api/users,200,299
2026-05-12T09:09:46,/health,200,170
2026-05-12T09:09:48,/joke,200,110
2026-05-12T09:09:50,/joke,200,91
2026-05-12T09:09:52,/joke,500,320
2026-05-12T09:09:54,/api/users,200,59
2026-05-12T09:09:56,/joke,200,97
2026-05-12T09:09:58,/health,404,207
2026-05-12T09:10:00,/health,200,91
2026-05-12T09:10:02,/joke,200,200
2026-05-12T09:10:04,/joke,500,325
2026-05-12T09:10:06,/api/orders,200,267
2026-05-12T09:10:08,/api/orders,503,171
2026-05-12T09:10:10,/joke,503,442
2026-05-12T09:10:12,/health,200,200
2026-05-12T09:10:14,/api/checkout,200,317
2026-05-12T09:10:16,/health,503,287
2026-05-12T09:10:18,/health,500,431
2026-05-12T09:10:20,/joke,404,167
2026-05-12T09:10:22,/api/orders,200,137
2026-05-12T09:10:24,/joke,404,290
2026-05-12T09:10:26,/health,200,325
2026-05-12T09:10:28,/joke,200,202
2026-05-12T09:10:30,/health,200,88
2026-05-12T09:10:32,/api/users,200,196
2026-05-12T09:10:34,/joke,503,222
2026-05-12T09:10:36,/api/checkout,200,221
2026-05-12T09:10:38,/api/orders,200,177
2026-05-12T09:10:40,/api/orders,200,106
2026-05-12T09:10:42,/api/users,200,309
2026-05-12T09:10:44,/api/users,500,339
2026-05-12T09:10:46,/joke,200,256
2026-05-12T09:10:48,/api/orders,200,340
2026-05-12T09:10:50,/api/checkout,200,234
2026-05-12T09:10:52,/joke,500,349
2026-05-12T09:10:54,/api/checkout,200,431
2026-05-12T09:10:56,/health,200,277
2026-05-12T09:10:58,/api/users,200,124
2026-05-12T09:11:00,/joke,500,308
2026-05-12T09:11:02,/api/users,503,230
2026-05-12T09:11:04,/joke,503,199
2026-05-12T09:11:06,/health,200,334
2026-05-12T09:11:08,/api/checkout,200,231
2026-05-12T09:11:10,/joke,200,250
2026-05-12T09:11:12,/api/orders,200,143
2026-05-12T09:11:14,/api/checkout,200,475
2026-05-12T09:11:16,/api/checkout,404,443
2026-05-12T09:11:18,/health,200,199
2026-05-12T09:11:20,/api/orders,200,217
2026-05-12T09:11:22,/api/users,200,209
2026-05-12T09:11:24,/joke,200,262
2026-05-12T09:11:26,/api/users,200,178
2026-05-12T09:11:28,/health,200,138
2026-05-12T09:11:30,/joke,503,172
2026-05-12T09:11:32,/joke,200,202
2026-05-12T09:11:34,/health,200,176
2026-05-12T09:11:36,/api/orders,200,178
2026-05-12T09:11:38,/api/users,200,72
2026-05-12T09:11:40,/joke,200,96
2026-05-12T09:11:42,/api/orders,500,198
2026-05-12T09:11:44,/api/orders,200,264
2026-05-12T09:11:46,/api/checkout,200,396
2026-05-12T09:11:48,/health,200,170
2026-05-12T09:11:50,/api/users,500,238
2026-05-12T09:11:52,/api/users,200,50
2026-05-12T09:11:54,/api/orders,503,414
2026-05-12T09:11:56,/api/orders,404,211
2026-05-12T09:11:58,/joke,503,322
2026-05-12T09:12:00,/joke,200,125
2026-05-12T09:12:02,/health,200,83
2026-05-12T09:12:04,/api/users,200,326
2026-05-12T09:12:06,/health,200,128
2026-05-12T09:12:08,/joke,200,183
2026-05-12T09:12:10,/api/users,500,235
2026-05-12T09:12:12,/joke,500,171
2026-05-12T09:12:14,/api/checkout,200,414
2026-05-12T09:12:16,/joke,200,288
2026-05-12T09:12:18,/health,200,198
2026-05-12T09:12:20,/health,404,104
2026-05-12T09:12:22,/api/checkout,200,480
2026-05-12T09:12:24,/api/orders,200,214
2026-05-12T09:12:26,/api/orders,404,258
2026-05-12T09:12:28,/api/checkout,200,481
2026-05-12T09:12:30,/api/checkout,200,481
2026-05-12T09:12:32,/api/users,200,214
2026-05-12T09:12:34,/api/users,200,106
2026-05-12T09:12:36,/api/users,503,274
2026-05-12T09:12:38,/health,200,145
2026-05-12T09:12:40,/joke,200,256
2026-05-12T09:12:42,/api/users,200,258
2026-05-12T09:12:44,/api/users,503,241
2026-05-12T09:12:46,/joke,200,337
2026-05-12T09:12:48,/api/orders,503,263
2026-05-12T09:12:50,/joke,200,115
2026-05-12T09:12:52,/api/orders,503,201
2026-05-12T09:12:54,/health,500,450
2026-05-12T09:12:56,/health,200,67
2026-05-12T09:12:58,/api/orders,200,82
2026-05-12T09:13:00,/health,404,199
2026-05-12T09:13:02,/api/checkout,200,499
2026-05-12T09:13:04,/api/checkout,200,207
2026-05-12T09:13:06,/joke,200,200
2026-05-12T09:13:08,/health,200,119
2026-05-12T09:13:10,/api/orders,200,70
2026-05-12T09:13:12,/api/users,500,197
2026-05-12T09:13:14,/joke,200,62
2026-05-12T09:13:16,/joke,200,129
2026-05-12T09:13:18,/joke,200,204
2026-05-12T09:13:20,/health,200,64
2026-05-12T09:13:22,/api/checkout,200,382
2026-05-12T09:13:24,/joke,200,322
2026-05-12T09:13:26,/api/checkout,503,599
2026-05-12T09:13:28,/api/checkout,503,490
2026-05-12T09:13:30,/joke,503,377
2026-05-12T09:13:32,/api/checkout,404,499
2026-05-12T09:13:34,/joke,404,319
2026-05-12T09:13:36,/api/users,503,165
2026-05-12T09:13:38,/api/checkout,200,289
2026-05-12T09:13:40,/api/orders,200,143
2026-05-12T09:13:42,/joke,200,208
2026-05-12T09:13:44,/health,200,195
2026-05-12T09:13:46,/joke,200,184
2026-05-12T09:13:48,/api/checkout,200,494
2026-05-12T09:13:50,/api/orders,200,163
2026-05-12T09:13:52,/api/orders,200,169
2026-05-12T09:13:54,/api/checkout,404,462
2026-05-12T09:13:56,/api/users,404,211
2026-05-12T09:13:58,/api/users,200,91
2026-05-12T09:14:00,/api/checkout,503,430
2026-05-12T09:14:02,/joke,404,250
2026-05-12T09:14:04,/health,200,233
2026-05-12T09:14:06,/health,200,180
2026-05-12T09:14:08,/health,200,60
2026-05-12T09:14:10,/health,200,343
2026-05-12T09:14:12,/joke,200,117
2026-05-12T09:14:14,/api/users,200,326
2026-05-12T09:14:16,/api/checkout,500,326
2026-05-12T09:14:18,/api/users,200,242
2026-05-12T09:14:20,/api/orders,200,134
2026-05-12T09:14:22,/health,200,191
2026-05-12T09:14:24,/api/orders,200,299
2026-05-12T09:14:26,/joke,200,313
2026-05-12T09:14:28,/health,200,203
2026-05-12T09:14:30,/health,200,134
2026-05-12T09:14:32,/api/users,200,289
2026-05-12T09:14:34,/api/orders,503,235
2026-05-12T09:14:36,/health,404,195
2026-05-12T09:14:38,/api/orders,404,209
2026-05-12T09:14:40,/joke,200,277
2026-05-12T09:14:42,/api/checkout,200,227
2026-05-12T09:14:44,/api/orders,200,312
2026-05-12T09:14:46,/health,404,258
2026-05-12T09:14:48,/joke,200,213
2026-05-12T09:14:50,/health,500,298
2026-05-12T09:14:52,/joke,200,257
2026-05-12T09:14:54,/api/users,200,232
2026-05-12T09:14:56,/api/users,200,90
2026-05-12T09:14:58,/api/users,200,108
2026-05-12T09:15:00,/health,503,333
2026-05-12T09:15:02,/api/checkout,404,339
2026-05-12T09:15:04,/joke,500,313
2026-05-12T09:15:06,/api/orders,200,241
2026-05-12T09:15:08,/api/users,200,197
2026-05-12T09:15:10,/api/orders,200,141
2026-05-12T09:15:12,/joke,200,147
2026-05-12T09:15:14,/api/orders,500,289
2026-05-12T09:15:16,/api/checkout,200,384
2026-05-12T09:15:18,/api/users,404,325
2026-05-12T09:15:20,/joke,200,170
2026-05-12T09:15:22,/api/checkout,500,388
2026-05-12T09:15:24,/api/orders,200,138
2026-05-12T09:15:26,/api/users,200,99
2026-05-12T09:15:28,/api/orders,200,217
2026-05-12T09:15:30,/joke,500,439
2026-05-12T09:15:32,/api/orders,500,297
2026-05-12T09:15:34,/health,500,248
2026-05-12T09:15:36,/api/orders,200,172
2026-05-12T09:15:38,/joke,200,215
2026-05-12T09:15:40,/api/checkout,200,352
2026-05-12T09:15:42,/api/checkout,404,232
2026-05-12T09:15:44,/api/checkout,404,257
2026-05-12T09:15:46,/health,503,212
2026-05-12T09:15:48,/joke,200,202
2026-05-12T09:15:50,/api/checkout,200,354
2026-05-12T09:15:52,/health,503,223
2026-05-12T09:15:54,/api/orders,200,198
2026-05-12T09:15:56,/api/checkout,503,578
2026-05-12T09:15:58,/api/orders,200,163
2026-05-12T09:16:00,/api/checkout,503,300
2026-05-12T09:16:02,/api/users,200,154
2026-05-12T09:16:04,/api/orders,503,264
2026-05-12T09:16:06,/health,503,444
2026-05-12T09:16:08,/api/checkout,503,466
2026-05-12T09:16:10,/api/orders,404,101
2026-05-12T09:16:12,/api/orders,404,71
2026-05-12T09:16:14,/api/users,503,311
2026-05-12T09:16:16,/api/checkout,200,225
2026-05-12T09:16:18,/api/checkout,500,582
2026-05-12T09:16:20,/api/checkout,200,235
2026-05-12T09:16:22,/api/users,200,108
2026-05-12T09:16:24,/api/orders,200,282
2026-05-12T09:16:26,/api/users,404,338
2026-05-12T09:16:28,/api/users,200,97
2026-05-12T09:16:30,/api/users,500,230
2026-05-12T09:16:32,/api/orders,200,103
2026-05-12T09:16:34,/health,500,397
2026-05-12T09:16:36,/api/orders,200,57
2026-05-12T09:16:38,/api/checkout,503,577
